<?xml version="1.0" encoding="UTF-8"?>
<pt:document xmlns:pt="http://schemas.brother.info/ptouch/2007/lbx/main" xmlns:style="http://schemas.brother.info/ptouch/2007/lbx/style" xmlns:text="http://schemas.brother.info/ptouch/2007/lbx/text" xmlns:draw="http://schemas.brother.info/ptouch/2007/lbx/draw" xmlns:image="http://schemas.brother.info/ptouch/2007/lbx/image" xmlns:barcode="http://schemas.brother.info/ptouch/2007/lbx/barcode" xmlns:database="http://schemas.brother.info/ptouch/2007/lbx/database" xmlns:table="http://schemas.brother.info/ptouch/2007/lbx/table" xmlns:cable="http://schemas.brother.info/ptouch/2007/lbx/cable" version="1.9" generator="com.brother.PtouchEditor"><pt:body currentSheet="Sheet 1" direction="LTR"><style:sheet name="Sheet 1"><style:paper media="0" width="68pt" height="2834.4pt" marginLeft="8.4pt" marginTop="5.6pt" marginRight="8.4pt" marginBottom="5.6pt" orientation="landscape" autoLength="true" monochromeDisplay="true" printColorDisplay="false" printColorsID="0" paperColor="#FFFFFF" paperInk="#000000" split="1" format="261" backgroundTheme="0" printerID="30256" printerName="Brother PT-P710BT"></style:paper><style:cutLine regularCut="0pt" freeCut=""></style:cutLine><style:backGround x="5.6pt" y="8.4pt" width="66.4pt" height="51.2pt" brushStyle="NULL" brushId="0" userPattern="NONE" userPatternId="0" color="#000000" printColorNumber="1" backColor="#FFFFFF" backPrintColorNumber="0"></style:backGround><pt:objects></pt:objects></style:sheet></pt:body></pt:document>
