<?xml version="1.0" encoding="UTF-8"?>
<meta:properties xmlns:meta="http://schemas.brother.info/ptouch/2007/lbx/meta" xmlns:dc="http://purl.org/dc/elements/1.1/" xmlns:dcterms="http://purl.org/dc/terms/"><meta:appName>com.brother.PtouchEditor</meta:appName><dc:title></dc:title><dc:subject></dc:subject><dc:creator></dc:creator><meta:keyword></meta:keyword><dc:description></dc:description><meta:template></meta:template><dcterms:created>2025-03-25T03:14:54Z</dcterms:created><dcterms:modified>2025-03-25T04:56:11Z</dcterms:modified><meta:lastPrinted></meta:lastPrinted><meta:modifiedBy></meta:modifiedBy><meta:revision>24</meta:revision><meta:editTime>0</meta:editTime><meta:numPages>1</meta:numPages><meta:numWords>0</meta:numWords><meta:numChars>0</meta:numChars><meta:security>0</meta:security><meta:transferScript></meta:transferScript></meta:properties>
