<?xml version='1.0' encoding='UTF-8'?>
<pt:document xmlns:pt="http://schemas.brother.info/ptouch/2007/lbx/main" xmlns:style="http://schemas.brother.info/ptouch/2007/lbx/style" xmlns:text="http://schemas.brother.info/ptouch/2007/lbx/text" xmlns:draw="http://schemas.brother.info/ptouch/2007/lbx/draw" xmlns:image="http://schemas.brother.info/ptouch/2007/lbx/image" xmlns:barcode="http://schemas.brother.info/ptouch/2007/lbx/barcode" xmlns:database="http://schemas.brother.info/ptouch/2007/lbx/database" xmlns:table="http://schemas.brother.info/ptouch/2007/lbx/table" xmlns:cable="http://schemas.brother.info/ptouch/2007/lbx/cable" version="1.7" generator="P-touch Editor 5.4.014 Windows"><pt:body currentSheet="Sheet 1" direction="LTR"><style:sheet name="Sheet 1"><style:paper media="0" width="68.0pt" height="2834.4pt" marginLeft="8.4pt" marginTop="5.6pt" marginRight="8.4pt" marginBottom="5.6pt" orientation="landscape" autoLength="true" monochromeDisplay="true" printColorDisplay="false" printColorsID="0" paperColor="#FFFFFF" paperInk="#000000" split="1" format="261" backgroundTheme="0" printerID="22832" printerName="Brother PT-1230PC"/><style:cutLine regularCut="0pt" freeCut=""/><style:backGround x="5.6pt" y="8.4pt" width="115.3pt" height="51.2pt" brushStyle="NULL" brushId="0" userPattern="NONE" userPatternId="0" color="#000000" printColorNumber="1" backColor="#FFFFFF" backPrintColorNumber="0"/><pt:objects><text:text><pt:objectStyle x="58.1pt" y="14.799999999999997pt" width="200pt" height="38.400000000000006pt" backColor="#FFFFFF" backPrintColorNumber="0" ropMode="COPYPEN" angle="0" anchor="TOPLEFT" flip="NONE"><pt:pen style="NULL" widthX="0.5pt" widthY="0.5pt" color="#000000" printColorNumber="1"/><pt:brush style="NULL" color="#000000" printColorNumber="1" id="0"/><pt:expanded objectName="Text22" ID="0" lock="0" templateMergeTarget="LABELLIST" templateMergeType="NONE" templateMergeID="0" linkStatus="NONE" linkID="0"/></pt:objectStyle><text:ptFontInfo><text:logFont name="Arial" width="0" italic="false" weight="400" charSet="0" pitchAndFamily="34"/><text:fontExt effect="NOEFFECT" underline="0" strikeout="0" size="8pt" orgSize="28.8pt" textColor="#000000" textPrintColorNumber="1"/></text:ptFontInfo><text:textControl control="FREE" clipFrame="false" aspectNormal="true" shrink="false" autoLF="false" avoidImage="false"/><text:textAlign horizontalAlignment="JUSTIFY" verticalAlignment="CENTER" inLineAlignment="BASELINE"/><text:textStyle vertical="false" nullBlock="false" charSpace="0" lineSpace="-10" orgPoint="10pt" combinedChars="false"/><pt:data>2×4
3001</pt:data><text:stringItem charLen="4"><text:ptFontInfo><text:logFont name="Arial" width="0" italic="false" weight="700" charSet="0" pitchAndFamily="34"/><text:fontExt effect="NOEFFECT" underline="0" strikeout="0" size="8pt" orgSize="28.8pt" textColor="#000000" textPrintColorNumber="1"/></text:ptFontInfo></text:stringItem><text:stringItem charLen="4"><text:ptFontInfo><text:logFont name="Arial" width="0" italic="false" weight="400" charSet="0" pitchAndFamily="34"/><text:fontExt effect="NOEFFECT" underline="0" strikeout="0" size="8pt" orgSize="28.8pt" textColor="#000000" textPrintColorNumber="1"/></text:ptFontInfo></text:stringItem></text:text><image:image><pt:objectStyle x="5.6pt" y="14.799999999999997pt" width="36.571428571429pt" height="38.400000000000006pt" backColor="#FFFFFF" backPrintColorNumber="0" ropMode="COPYPEN" angle="0" anchor="TOPLEFT" flip="NONE"><pt:pen style="NULL" widthX="0.5pt" widthY="0.5pt" color="#000000" printColorNumber="1"/><pt:brush style="NULL" color="#000000" printColorNumber="1" id="0"/><pt:expanded objectName="Image23" ID="0" lock="2" templateMergeTarget="LABELLIST" templateMergeType="NONE" templateMergeID="0" linkStatus="NONE" linkID="0"/></pt:objectStyle><image:imageStyle originalName="3001.png" alignInText="LEFT" firstMerge="true" fileName="3001.png"><image:transparent flag="false" color="#FFFFFF"/><image:trimming flag="false" shape="RECTANGLE" trimOrgX="0pt" trimOrgY="0pt" trimOrgWidth="24.4pt" trimOrgHeight="36.9pt"/><image:orgPos x="5.6pt" y="14.799999999999997pt" width="36.571428571429pt" height="25.6pt"/><image:effect effect="NONE" brightness="50" contrast="50" photoIndex="4"/><image:mono operationKind="BINARY" reverse="0" ditherKind="MESH" threshold="128" gamma="100" ditherEdge="0" rgbconvProportionRed="30" rgbconvProportionGreen="59" rgbconvProportionBlue="11" rgbconvProportionReversed="0"/></image:imageStyle></image:image></pt:objects></style:sheet></pt:body></pt:document>