<?xml version="1.0" encoding="UTF-8"?><meta:properties xmlns:meta="http://schemas.brother.info/ptouch/2007/lbx/meta" xmlns:dc="http://purl.org/dc/elements/1.1/" xmlns:dcterms="http://purl.org/dc/terms/"><meta:appName>P-touch Editor</meta:appName><dc:title></dc:title><dc:subject></dc:subject><dc:creator>tom@tomalphin.com</dc:creator><meta:keyword></meta:keyword><dc:description></dc:description><meta:template></meta:template><dcterms:created>2016-10-08T09:40:30Z</dcterms:created><dcterms:modified>2024-12-13T03:54:36Z</dcterms:modified><meta:lastPrinted></meta:lastPrinted><meta:modifiedBy>tom@tomalphin.com</meta:modifiedBy><meta:revision>3</meta:revision><meta:editTime>166</meta:editTime><meta:numPages>1</meta:numPages><meta:numWords>0</meta:numWords><meta:numChars>0</meta:numChars><meta:security>0</meta:security></meta:properties>